Vibration_X,Vibration_Y,Vibration_Z,Acoustic_Level,Temperature,Fault_Type_Encoded,Fault_Type_Label
0.79456985,0.92840874,0.73982596,78.14691,77.80198,0,Bearing Fault
0.6890651,0.88626146,0.7676369,79.79398,71.800674,0,Bearing Fault
0.8869211,0.84802216,0.60475653,76.65283,77.327675,0,Bearing Fault
0.8518373,0.84262425,0.83107793,59.283928,75.10709,0,Bearing Fault
0.6851902,0.7980758,0.7973353,70.96654,71.653046,0,Bearing Fault
0.75259316,0.8733373,0.8737063,72.15418,74.51898,0,Bearing Fault
0.7540677,1.0460192,0.7942614,77.29637,76.4892,0,Bearing Fault
0.82733536,0.90573347,0.71011,71.826385,75.69956,0,Bearing Fault
0.8180317,0.9916827,0.7913987,75.00011,75.22787,0,Bearing Fault
0.87741673,0.8202481,0.77533484,69.91594,75.68639,0,Bearing Fault
0.7382957,0.9850767,0.8045175,80.55364,74.94589,0,Bearing Fault
0.7942469,0.9673392,0.84997624,75.28808,76.63176,0,Bearing Fault
0.7925327,0.89886826,0.9341483,62.795467,75.44936,0,Bearing Fault
0.76892257,0.87227696,0.86387664,77.420265,74.690346,0,Bearing Fault
0.89444995,0.8763538,0.739234,76.33762,74.61288,0,Bearing Fault
0.88190335,0.8278796,0.6178761,68.88104,73.89519,0,Bearing Fault
0.74600255,0.886999,0.838501,57.555573,77.491035,0,Bearing Fault
0.90345484,0.6882093,0.6507386,73.92474,75.06429,0,Bearing Fault
0.75339454,0.8699108,0.8816711,56.303905,81.99164,0,Bearing Fault
0.9062941,0.85835266,0.6631959,80.69875,74.12862,0,Bearing Fault
0.77273697,0.91496086,0.8449164,68.958916,77.56193,0,Bearing Fault
0.93161154,0.89998066,0.77818537,72.82414,77.03557,0,Bearing Fault
0.9707287,0.9619916,0.62111133,79.84888,76.28229,0,Bearing Fault
0.8394009,0.7494727,0.79060215,59.553833,77.97609,0,Bearing Fault
0.793007,0.8618156,0.750989,71.44492,77.92625,0,Bearing Fault
0.8186311,0.8896202,0.6362958,66.63722,73.367836,0,Bearing Fault
0.6880287,0.86070675,0.9091415,46.855568,77.80698,0,Bearing Fault
0.8091377,0.9959109,0.8079874,75.12898,77.167076,0,Bearing Fault
0.84214634,0.95404,0.78914493,68.99509,76.03092,0,Bearing Fault
0.7113622,0.88719624,0.7746692,77.399765,74.37437,0,Bearing Fault
0.7775431,0.87168986,0.75049645,79.31508,72.735985,0,Bearing Fault
0.9427772,0.8060257,0.72574574,72.79402,75.159546,0,Bearing Fault
0.7843036,0.859604,0.79061085,74.2654,77.81332,0,Bearing Fault
0.7004817,0.8086278,0.73312044,62.174767,75.032265,0,Bearing Fault
0.7713218,0.97998977,0.74791265,70.21501,72.923195,0,Bearing Fault
0.84835523,0.98530126,0.75516534,72.66005,78.96061,0,Bearing Fault
0.893753,0.84864855,0.57324404,58.52289,76.084595,0,Bearing Fault
0.9104118,0.9782851,0.7181507,85.06442,77.53298,0,Bearing Fault
0.8297188,0.8537602,0.67408776,85.3165,73.79304,0,Bearing Fault
0.68577766,0.96405804,0.8168124,73.46309,72.93797,0,Bearing Fault
0.7856087,0.9876396,0.7855052,77.12479,78.05974,0,Bearing Fault
0.6688615,0.97935516,0.8896195,62.713226,76.4401,0,Bearing Fault
0.8679373,0.91097397,0.8625456,61.065147,76.516884,0,Bearing Fault
0.7296515,0.9640663,0.87341535,60.881668,74.12106,0,Bearing Fault
0.6536725,0.89324194,0.7261381,73.67901,72.91377,0,Bearing Fault
0.8201812,1.0710963,0.6840668,76.123764,77.60382,0,Bearing Fault
0.97791594,0.9065128,0.69648135,78.399864,74.78588,0,Bearing Fault
0.85567313,0.90462434,0.766949,66.10476,78.23841,0,Bearing Fault
0.8273563,0.873094,0.78370064,71.372345,78.568794,0,Bearing Fault
0.8096422,1.1859827,0.8285498,77.11727,77.67639,0,Bearing Fault
0.8146158,1.012303,0.7649609,71.67727,77.72318,0,Bearing Fault
0.7678443,0.99160063,0.7307459,75.753395,77.007164,0,Bearing Fault
0.9046139,0.9464032,0.62615955,73.63764,79.67401,0,Bearing Fault
0.80241066,0.9329582,0.77011406,70.94902,75.5067,0,Bearing Fault
0.9264691,0.8531587,0.61513174,68.56209,74.0402,0,Bearing Fault
0.9430801,0.8421086,0.7479726,63.443226,75.89326,0,Bearing Fault
0.750469,0.847543,0.8056275,63.954453,73.993965,0,Bearing Fault
0.67736953,0.93765014,0.90300786,76.11956,74.79742,0,Bearing Fault
0.8123799,0.8412982,0.88544506,73.285835,71.058846,0,Bearing Fault
0.6868042,0.8977502,0.83031756,69.04105,77.343796,0,Bearing Fault
0.6628463,1.0120457,0.91901183,50.403008,74.59095,0,Bearing Fault
0.72833514,0.9266278,0.97334564,56.707413,78.2438,0,Bearing Fault
0.85124665,0.74020326,0.727725,62.051113,73.69263,0,Bearing Fault
0.90925604,0.85421634,0.59918386,85.020744,76.45925,0,Bearing Fault
0.85367143,0.9702994,0.8329942,72.97396,77.92833,0,Bearing Fault
0.75427574,0.8168689,0.6874401,82.55469,71.665146,0,Bearing Fault
0.7884331,0.8438151,0.8802785,72.265755,72.024536,0,Bearing Fault
0.7981223,0.95837927,0.7140106,86.234085,73.77651,0,Bearing Fault
0.8816181,0.83542687,0.8305097,75.5975,72.33819,0,Bearing Fault
0.8653537,0.8892448,0.7362769,77.70822,77.30851,0,Bearing Fault
0.8064163,0.91917676,0.7147458,71.09526,76.92356,0,Bearing Fault
0.79854685,0.96018946,0.74996066,54.914165,78.417656,0,Bearing Fault
0.7675598,0.8345344,0.76533145,57.121857,76.61107,0,Bearing Fault
0.72977334,0.88444006,0.8900176,52.53469,76.59071,0,Bearing Fault
0.7536603,0.9606736,0.78018767,81.282906,72.68046,0,Bearing Fault
0.8542914,0.7974372,0.7316986,76.37094,75.70952,0,Bearing Fault
0.74115866,1.0313505,0.93192077,65.21848,77.87174,0,Bearing Fault
0.7947838,1.0987718,0.87143946,63.11278,78.031685,0,Bearing Fault
0.81352204,0.9619564,0.81712055,79.66608,74.469635,0,Bearing Fault
0.80865574,0.9372471,0.68290335,66.33342,77.5981,0,Bearing Fault
0.83440506,0.9196825,0.7898704,74.84633,73.168076,0,Bearing Fault
0.56992364,0.93501914,0.8072225,71.696045,75.18627,0,Bearing Fault
0.7897511,0.83204603,0.7846976,64.995995,77.257484,0,Bearing Fault
0.84442097,0.9509803,0.72737396,67.05057,76.77219,0,Bearing Fault
0.8106288,1.0521442,0.7975663,76.59392,77.05658,0,Bearing Fault
0.6928506,1.0169253,0.771457,80.898674,78.97688,0,Bearing Fault
0.72036046,1.0802292,0.69270664,67.13838,73.08918,0,Bearing Fault
0.7312132,0.78026885,0.7195165,68.716644,77.19854,0,Bearing Fault
0.9175445,0.7943999,0.6771649,77.28525,73.9794,0,Bearing Fault
0.97955906,0.6890679,0.5810857,69.57043,75.90322,0,Bearing Fault
0.88519144,0.7967537,0.49314374,77.5628,77.385574,0,Bearing Fault
0.83731866,1.0589153,0.804865,71.728386,79.03072,0,Bearing Fault
0.7719275,0.99731034,0.72060084,75.4308,75.77317,0,Bearing Fault
0.8418874,0.9410838,0.83225155,74.77764,78.949585,0,Bearing Fault
0.6847019,1.065395,0.9064444,73.52389,76.607285,0,Bearing Fault
0.8074473,0.8330497,0.5919511,72.541725,76.74024,0,Bearing Fault
0.7335682,0.96971613,0.71436495,78.01242,73.686714,0,Bearing Fault
0.85776997,0.9270532,0.659895,67.82623,79.284096,0,Bearing Fault
0.88888067,0.7818811,0.73263913,73.083954,72.47606,0,Bearing Fault
0.6444917,0.77361876,0.7780921,65.10952,71.624306,0,Bearing Fault
0.8155277,0.998589,0.69884413,77.76931,79.01817,0,Bearing Fault
0.76882684,0.85406375,0.71361077,64.926155,75.85459,0,Bearing Fault
0.7224013,1.1053033,0.85713696,66.69505,80.76568,0,Bearing Fault
0.8805692,0.859336,0.66494155,71.71313,75.797585,0,Bearing Fault
0.75887966,0.86358744,0.81542796,53.742416,79.19335,0,Bearing Fault
0.9584932,0.86360466,0.6500841,89.119484,75.551704,0,Bearing Fault
0.77407646,0.93402994,0.76454514,73.828865,81.02786,0,Bearing Fault
0.76953435,1.0443438,0.8987557,78.980034,74.610535,0,Bearing Fault
0.6815131,1.0009149,0.9629672,61.187786,79.733444,0,Bearing Fault
0.8362164,0.9125839,0.6199676,78.36227,75.957275,0,Bearing Fault
0.8956431,0.77944994,0.67328614,75.16919,74.272385,0,Bearing Fault
0.63049364,0.96440613,0.8125244,77.21262,76.79611,0,Bearing Fault
0.74160135,0.9948785,0.7648023,62.30446,85.00774,0,Bearing Fault
0.8521244,0.7451801,0.72236097,81.54498,74.071495,0,Bearing Fault
0.7050696,1.0150464,0.7947573,73.60523,77.41838,0,Bearing Fault
0.7368309,1.0189613,0.8753753,77.39004,76.15674,0,Bearing Fault
0.7408921,0.9521827,0.77700984,74.12668,74.44057,0,Bearing Fault
0.85505235,0.90006644,0.688149,61.039787,75.89679,0,Bearing Fault
0.9337007,0.7109513,0.718308,68.83911,75.40803,0,Bearing Fault
0.62916386,0.8905162,0.7436273,84.497375,74.90455,0,Bearing Fault
0.7423853,0.9509983,0.7686629,75.104904,78.698074,0,Bearing Fault
0.8248055,0.8419436,0.77454734,74.060524,78.77536,0,Bearing Fault
0.6946304,0.86527914,0.8215048,61.65597,73.84402,0,Bearing Fault
0.79518914,0.9334045,0.6818151,70.06075,78.01598,0,Bearing Fault
0.5908298,0.98614836,0.844752,72.392296,74.39874,0,Bearing Fault
0.7076295,1.0130774,0.89052206,65.35633,77.88547,0,Bearing Fault
0.73697585,0.98122853,0.72049457,77.41563,77.920395,0,Bearing Fault
0.8407008,0.7810041,0.7279714,59.996765,73.025986,0,Bearing Fault
0.71899945,0.9405955,0.77307427,72.104416,78.33626,0,Bearing Fault
0.8330491,0.85161805,0.78771865,62.981747,74.92167,0,Bearing Fault
0.80751747,0.9445805,0.7706273,59.65806,77.545135,0,Bearing Fault
0.7933675,0.84867865,0.72943693,80.612335,73.41188,0,Bearing Fault
0.8817811,0.74223924,0.7881796,73.669876,73.01779,0,Bearing Fault
0.74538106,0.80561155,0.6438724,84.59161,75.32415,0,Bearing Fault
0.681635,0.8504734,0.84233403,55.764187,74.98865,0,Bearing Fault
0.7007435,0.99268913,0.6836213,84.578476,76.627716,0,Bearing Fault
0.80553746,0.8676009,0.63227046,87.775406,73.10126,0,Bearing Fault
0.7912904,0.99027663,0.7781088,67.86386,79.47143,0,Bearing Fault
0.7954285,0.82086945,0.6619988,70.31155,72.49848,0,Bearing Fault
0.79304713,1.0923496,0.8089291,59.689667,78.95098,0,Bearing Fault
0.9659097,0.80013245,0.78105116,61.60386,75.56934,0,Bearing Fault
0.7515437,1.0152104,0.68540084,82.92133,75.43475,0,Bearing Fault
0.7517763,1.013019,0.90793616,71.00017,76.71819,0,Bearing Fault
0.8008233,0.93788916,0.62062603,79.45663,75.88674,0,Bearing Fault
0.748738,0.7693661,0.6378947,83.02203,72.0111,0,Bearing Fault
0.78452456,0.9680013,0.64788944,86.14252,75.762955,0,Bearing Fault
0.83145994,0.86007977,0.68025404,77.62989,77.37902,0,Bearing Fault
0.9107717,0.76606685,0.7797967,62.393764,74.90111,0,Bearing Fault
0.8929662,1.125049,0.7423438,76.251526,76.18251,0,Bearing Fault
0.7885734,1.0401344,0.80602735,75.29189,75.537315,0,Bearing Fault
0.66795826,0.9256486,0.9058755,67.20079,72.83017,0,Bearing Fault
0.8622823,0.65807563,0.68903416,50.23713,75.00826,0,Bearing Fault
0.84174716,0.8995025,0.62480235,65.429695,76.94799,0,Bearing Fault
0.83381873,1.0257022,0.8866561,75.38618,77.935715,0,Bearing Fault
0.90685284,1.0216,0.7675349,72.23744,76.75436,0,Bearing Fault
0.8576989,0.9276882,0.80685824,57.98256,73.76379,0,Bearing Fault
0.6338834,0.8044112,0.77144617,72.43308,72.39004,0,Bearing Fault
0.66619927,0.8244887,0.70868254,81.15502,74.96205,0,Bearing Fault
0.7509382,0.94564736,0.8609164,69.14177,75.95036,0,Bearing Fault
0.6866436,0.9772232,0.93666875,62.817455,75.04805,0,Bearing Fault
0.7607559,0.9023805,0.81893307,74.25245,75.16087,0,Bearing Fault
0.61946756,0.8256251,0.90354604,63.926983,76.60639,0,Bearing Fault
0.7687255,1.0153404,0.74332815,87.253525,76.28877,0,Bearing Fault
0.86910045,0.84904027,0.6982553,65.87948,75.54927,0,Bearing Fault
0.7579987,0.97509956,0.82331777,78.55536,74.33067,0,Bearing Fault
0.7216326,0.8144695,0.7313736,82.98381,73.91636,0,Bearing Fault
0.81752723,0.7971868,0.71576184,64.46413,77.5644,0,Bearing Fault
0.9063231,0.7799252,0.6740156,71.81963,77.009186,0,Bearing Fault
0.91597795,0.9494951,0.5777905,79.32239,75.49668,0,Bearing Fault
0.8143218,0.9299464,0.77350193,69.05662,75.68295,0,Bearing Fault
0.86048913,0.8714739,0.7973681,66.980316,77.67532,0,Bearing Fault
0.72547513,0.972303,0.8421542,69.116295,76.819466,0,Bearing Fault
0.81336766,1.1749105,0.77441084,71.8236,81.215416,0,Bearing Fault
0.7590602,0.99157417,0.7228758,72.5178,77.12909,0,Bearing Fault
0.7103424,1.0522323,0.8159702,70.649284,78.57827,0,Bearing Fault
0.6934692,0.9170751,0.7547704,89.36673,76.78691,0,Bearing Fault
0.9077145,0.9440349,0.635423,66.85844,73.908165,0,Bearing Fault
0.7482177,0.9100556,0.82853013,68.90981,76.13329,0,Bearing Fault
0.8174992,0.8684606,0.8470822,66.859146,73.18842,0,Bearing Fault
0.8001836,0.90711963,0.6925177,68.845146,76.207664,0,Bearing Fault
0.79211175,0.77668643,0.8125507,72.057846,75.01037,0,Bearing Fault
0.7183257,0.9330981,0.8589921,83.9758,73.39896,0,Bearing Fault
0.89624894,0.8348505,0.6909727,78.139694,77.31191,0,Bearing Fault
0.7842882,0.965766,0.728333,57.154373,79.681656,0,Bearing Fault
0.95932984,0.75894564,0.5891924,79.04374,77.3385,0,Bearing Fault
0.7634859,0.7676174,0.71591616,82.42543,75.32861,0,Bearing Fault
0.8362408,0.90174806,0.83794415,55.842793,75.88233,0,Bearing Fault
0.785055,1.0021251,0.80646586,75.524284,75.92072,0,Bearing Fault
0.9708209,0.9292772,0.71606445,67.90627,76.41734,0,Bearing Fault
0.7870492,0.7835264,0.6767919,68.09216,76.58362,0,Bearing Fault
0.78180116,0.86527044,0.7568269,71.026245,80.67883,0,Bearing Fault
0.8639912,1.0636756,0.7023343,67.44117,80.96443,0,Bearing Fault
0.78581965,0.9537568,0.90217984,68.786064,78.59874,0,Bearing Fault
0.8260747,0.8230586,0.6499358,68.911964,79.60828,0,Bearing Fault
0.8049271,0.9222142,0.7298791,67.027245,73.73524,0,Bearing Fault
0.8830729,0.9974864,0.7986654,59.7896,75.0559,0,Bearing Fault
0.7600132,0.90779793,0.91994447,51.914116,77.00955,0,Bearing Fault
0.873253,0.93632704,0.6898128,86.87949,76.28182,0,Bearing Fault
0.74513197,0.93168944,0.85523546,71.24192,73.41905,0,Bearing Fault
0.9289937,0.9263427,0.7675895,66.46327,77.20686,0,Bearing Fault
0.8152906,0.9425823,0.77614087,85.371254,73.72851,0,Bearing Fault
0.9137378,0.84268564,0.6639122,76.25258,74.85821,0,Bearing Fault
0.63343364,0.82280445,0.8542274,50.680794,74.892845,0,Bearing Fault
0.7448852,0.8541209,0.7434134,63.928825,77.81945,0,Bearing Fault
0.762567,0.76809454,0.577708,74.34269,73.22515,0,Bearing Fault
0.7075236,0.88911337,0.8175587,66.576195,72.97233,0,Bearing Fault
0.6926612,0.7219254,0.7782577,59.83169,73.5087,0,Bearing Fault
0.91273326,0.9562531,0.67020303,74.176125,75.36674,0,Bearing Fault
0.76087195,1.0110743,0.8211781,78.52298,76.57135,0,Bearing Fault
0.728991,1.0881426,0.8257255,65.58391,76.596176,0,Bearing Fault
0.826635,0.7314503,0.7139051,52.81561,74.48036,0,Bearing Fault
0.7335271,0.80523527,0.73317355,75.80498,75.33563,0,Bearing Fault
0.6240492,0.82573503,0.83833396,73.67755,76.870186,0,Bearing Fault
0.86640096,0.7265927,0.7407909,72.0639,73.5443,0,Bearing Fault
0.7989284,0.8473655,0.62029856,73.70202,76.66976,0,Bearing Fault
0.8385738,0.96851116,0.77007866,72.83355,76.925964,0,Bearing Fault
0.86505485,0.77804863,0.8545583,54.363327,73.42119,0,Bearing Fault
0.7045434,0.9568142,0.7941949,82.79142,74.63591,0,Bearing Fault
0.8912601,0.85170215,0.714154,65.230606,75.25734,0,Bearing Fault
0.8718638,0.8704868,0.51337886,81.41421,74.818436,0,Bearing Fault
0.8041662,1.0106494,0.7571765,57.628323,76.86421,0,Bearing Fault
0.98987234,0.8500398,0.7813277,65.15132,75.29472,0,Bearing Fault
0.85712,0.80584127,0.71897763,74.89181,73.0182,0,Bearing Fault
0.79719603,0.9239467,0.75894916,78.8678,74.26261,0,Bearing Fault
0.6954861,0.9202066,0.7569205,74.41682,77.244736,0,Bearing Fault
0.89475495,0.95711833,0.7371213,58.364975,78.13071,0,Bearing Fault
0.8428865,0.8204301,0.8135648,76.014305,76.86737,0,Bearing Fault
0.97297925,0.8663708,0.81826246,62.545055,74.33658,0,Bearing Fault
0.92571014,0.92830324,0.6346859,80.158646,80.453415,0,Bearing Fault
0.731169,0.95751554,0.76878405,75.632385,76.88036,0,Bearing Fault
0.99977094,0.9141973,0.6599242,65.6839,77.16254,0,Bearing Fault
0.7987654,0.9779829,0.6666186,81.61467,78.10035,0,Bearing Fault
0.6981983,0.89575046,0.6777473,76.743614,76.92868,0,Bearing Fault
0.78494155,0.9785468,0.7909642,85.70142,73.712776,0,Bearing Fault
0.9079792,0.83045286,0.55383086,76.84104,76.73257,0,Bearing Fault
0.73828584,0.87322736,0.8045791,76.131454,74.02104,0,Bearing Fault
0.8474345,0.9511242,0.7781736,67.35098,79.38504,0,Bearing Fault
0.8557513,0.8835558,0.55599684,59.414272,76.24299,0,Bearing Fault
0.76763356,0.8928243,0.8884346,71.63781,74.542725,0,Bearing Fault
0.719939,0.9763159,0.90093344,60.014404,75.7984,0,Bearing Fault
0.69931465,0.8423249,0.68359095,87.00667,74.07754,0,Bearing Fault
0.7671707,0.9323434,0.7357934,86.88484,73.52161,0,Bearing Fault
0.8017962,0.931715,0.7164682,72.49997,75.56616,0,Bearing Fault
0.7982784,0.890582,0.63409966,85.52631,75.71585,0,Bearing Fault
0.8045533,1.0255172,0.83255786,76.50893,76.4124,0,Bearing Fault
0.81175834,0.7609975,0.8050376,53.073666,77.34688,0,Bearing Fault
0.63778985,0.9971506,0.7655582,71.17211,81.68588,0,Bearing Fault
0.8416175,0.8401978,0.8540957,71.06553,74.40982,0,Bearing Fault
0.765848,0.9879454,0.88016796,68.59954,74.591354,0,Bearing Fault
0.78204405,1.0371699,0.67856514,76.68958,78.34601,0,Bearing Fault
0.51479053,0.50204414,0.31718558,58.709118,66.30892,1,Imbalance
0.60260004,0.50176805,0.38808197,58.60485,63.042526,1,Imbalance
0.7119957,0.5051633,0.32257676,52.389797,68.231415,1,Imbalance
0.5795138,0.47954184,0.3750418,51.27,66.75606,1,Imbalance
0.5629905,0.43826127,0.4279822,54.117622,61.154346,1,Imbalance
0.4810792,0.53408897,0.43984318,53.12137,64.46058,1,Imbalance
0.5520881,0.4136582,0.29799324,56.435875,64.57644,1,Imbalance
0.5849883,0.5270237,0.46700573,50.69194,65.765945,1,Imbalance
0.4452249,0.67239594,0.577615,52.701416,65.86126,1,Imbalance
0.49510652,0.5111904,0.42804417,60.355175,62.932594,1,Imbalance
0.43129689,0.62800777,0.61590284,46.83302,66.94555,1,Imbalance
0.56466794,0.49392387,0.39397496,61.01525,63.679913,1,Imbalance
0.48888564,0.707745,0.5686177,44.432026,67.56844,1,Imbalance
0.47168612,0.5934248,0.5531361,51.260994,66.755196,1,Imbalance
0.44205672,0.6366548,0.526556,54.375805,65.1567,1,Imbalance
0.48993355,0.47783265,0.49438345,47.823437,63.235535,1,Imbalance
0.4479909,0.64919823,0.54130936,47.49908,64.539894,1,Imbalance
0.43219435,0.64728904,0.5996842,48.221485,65.63402,1,Imbalance
0.5171956,0.6439589,0.62403864,37.511078,65.69718,1,Imbalance
0.54790574,0.47887394,0.38318864,60.35182,68.031,1,Imbalance
0.7182991,0.4958779,0.36471748,54.957474,65.576004,1,Imbalance
0.5625725,0.6611968,0.48526657,45.94874,69.3012,1,Imbalance
0.59696716,0.580852,0.35210901,50.13725,65.302284,1,Imbalance
0.5856159,0.5077205,0.5143018,42.86512,65.54718,1,Imbalance
0.45057598,0.51660377,0.4792522,51.012196,65.67958,1,Imbalance
0.46812135,0.7220317,0.6162333,47.341366,63.179928,1,Imbalance
0.552608,0.60683376,0.41925827,53.12995,65.78025,1,Imbalance
0.46268886,0.62277865,0.45375586,53.534447,63.09942,1,Imbalance
0.4948365,0.4791385,0.37673175,51.889584,63.401485,1,Imbalance
0.6015989,0.60513276,0.46369287,49.707485,63.96126,1,Imbalance
0.5028404,0.48283282,0.379876,55.446228,64.6743,1,Imbalance
0.45766935,0.5321015,0.416419,47.29655,65.31147,1,Imbalance
0.5866667,0.48641807,0.5513095,47.10072,63.687267,1,Imbalance
0.50898266,0.6056906,0.5659189,41.73579,70.10502,1,Imbalance
0.45674098,0.57178426,0.5128036,50.84806,67.68312,1,Imbalance
0.6093145,0.55227864,0.3692051,54.07638,65.35541,1,Imbalance
0.6258653,0.45508456,0.40475985,51.61718,63.041595,1,Imbalance
0.36247942,0.5117906,0.4727876,52.608665,63.60769,1,Imbalance
0.4040828,0.557938,0.55085,53.356243,62.891808,1,Imbalance
0.42591587,0.5617663,0.5173032,44.12521,66.789,1,Imbalance
0.48347944,0.5984598,0.46252325,46.223804,66.03554,1,Imbalance
0.52864254,0.639339,0.50699383,43.20735,64.06017,1,Imbalance
0.5267377,0.57346135,0.48250622,56.371147,64.063385,1,Imbalance
0.583366,0.5134632,0.40005586,48.87034,61.470863,1,Imbalance
0.47201508,0.5595323,0.4728925,50.1652,63.33205,1,Imbalance
0.47120467,0.5159407,0.38529938,48.059906,66.2414,1,Imbalance
0.5982015,0.51731056,0.42901674,56.762417,62.733295,1,Imbalance
0.48988184,0.7064662,0.54503185,44.72042,70.36616,1,Imbalance
0.42018482,0.583305,0.50750583,49.273037,61.98415,1,Imbalance
0.5806475,0.43799573,0.3136283,54.56438,65.5845,1,Imbalance
0.52303183,0.43332902,0.35352358,55.551052,67.07209,1,Imbalance
0.56846976,0.59395355,0.52035457,38.0853,66.97621,1,Imbalance
0.45493603,0.55832833,0.46825734,50.859547,61.604492,1,Imbalance
0.531176,0.51440144,0.45886028,43.85273,65.016495,1,Imbalance
0.45163023,0.60072964,0.52693707,43.400707,65.23216,1,Imbalance
0.41990906,0.5984891,0.48162237,42.74881,68.54269,1,Imbalance
0.5288937,0.45762256,0.32103667,53.429344,65.852585,1,Imbalance
0.5022798,0.6381448,0.44492778,54.40796,69.02974,1,Imbalance
0.5265487,0.62562627,0.5037133,48.723396,68.404144,1,Imbalance
0.51985234,0.5813903,0.4595836,44.836864,67.51306,1,Imbalance
0.4420322,0.6061058,0.50020087,48.9643,65.53527,1,Imbalance
0.6568912,0.5105004,0.5049757,48.26602,63.120975,1,Imbalance
0.41882187,0.5596161,0.4448002,50.160606,65.12418,1,Imbalance
0.6921504,0.5685363,0.45784703,54.73569,68.24814,1,Imbalance
0.49069905,0.515175,0.55436957,43.063244,61.75106,1,Imbalance
0.45754796,0.57382864,0.4439721,61.35784,63.691338,1,Imbalance
0.5040634,0.48299634,0.41440117,60.68181,65.21593,1,Imbalance
0.59298295,0.56224793,0.55387306,45.999928,67.52602,1,Imbalance
0.464358,0.6032739,0.49957192,52.94254,67.512024,1,Imbalance
0.48641476,0.48287013,0.4684371,48.1986,62.280975,1,Imbalance
0.4356966,0.71287996,0.53559476,51.03159,70.39394,1,Imbalance
0.47349107,0.61122864,0.41300413,52.857895,63.032738,1,Imbalance
0.45974788,0.58534026,0.5125814,50.46299,68.056725,1,Imbalance
0.5311518,0.49437496,0.33705303,49.60042,65.47489,1,Imbalance
0.5174194,0.50608593,0.40380675,53.158104,62.14973,1,Imbalance
0.6094487,0.5920888,0.4863473,47.55282,63.72882,1,Imbalance
0.56123465,0.5653535,0.35134685,55.645485,65.01285,1,Imbalance
0.44999123,0.5832683,0.48180833,54.4401,66.469635,1,Imbalance
0.49119902,0.5954554,0.5899474,43.675957,64.54763,1,Imbalance
0.5322976,0.54481906,0.6226905,48.700226,66.24021,1,Imbalance
0.46361524,0.5322378,0.41175503,52.980595,62.45606,1,Imbalance
0.39878953,0.5843207,0.4901224,51.69353,70.9845,1,Imbalance
0.50129557,0.4661394,0.5544468,48.8618,63.632687,1,Imbalance
0.5485742,0.6443817,0.43494716,53.773876,68.84513,1,Imbalance
0.57154655,0.66881156,0.44352517,51.268284,63.577976,1,Imbalance
0.4995591,0.5877501,0.4364365,43.09345,65.963745,1,Imbalance
0.5463111,0.51134926,0.5988552,50.63894,64.74882,1,Imbalance
0.4401837,0.6197109,0.5697556,42.459003,62.988445,1,Imbalance
0.6056912,0.54019046,0.5046104,46.9092,64.69413,1,Imbalance
0.46505114,0.6365924,0.6053657,43.754784,66.813995,1,Imbalance
0.6222583,0.53841555,0.43175197,45.90311,63.800365,1,Imbalance
0.44338256,0.5491107,0.40805924,55.106663,67.01807,1,Imbalance
0.4141109,0.5858813,0.51869756,45.470417,64.13606,1,Imbalance
0.6115873,0.49899003,0.529329,45.043736,64.61267,1,Imbalance
0.50636774,0.49431732,0.4329246,49.844532,60.9268,1,Imbalance
0.59824663,0.43199992,0.31986746,56.45237,63.66296,1,Imbalance
0.6854684,0.58096117,0.40347376,54.930843,65.14073,1,Imbalance
0.42927238,0.68242645,0.6249985,40.099808,68.1514,1,Imbalance
0.4806939,0.45423877,0.37594473,55.566875,65.21865,1,Imbalance
0.48950586,0.65292364,0.5421238,50.103996,68.41226,1,Imbalance
0.47338519,0.4745474,0.41759124,48.67687,64.15555,1,Imbalance
0.5579761,0.6196772,0.52936447,37.00515,66.58763,1,Imbalance
0.4955816,0.45383263,0.55288666,48.524727,66.21435,1,Imbalance
0.5665076,0.7505378,0.43147534,49.077106,70.51568,1,Imbalance
0.54253054,0.6355139,0.5073823,46.50445,63.22898,1,Imbalance
0.6188382,0.5443985,0.5221529,43.254765,63.93612,1,Imbalance
0.53280747,0.6916987,0.42271203,58.611458,66.68293,1,Imbalance
0.57658124,0.58817554,0.5199692,54.166584,67.985634,1,Imbalance
0.4202356,0.6217441,0.4173568,57.369167,65.15778,1,Imbalance
0.5475393,0.67929786,0.4484049,48.482044,66.28413,1,Imbalance
0.54710436,0.62928534,0.59046245,44.378517,66.381775,1,Imbalance
0.43735504,0.5682467,0.506561,52.544476,71.01143,1,Imbalance
0.7140791,0.6070318,0.39983878,57.75448,66.90402,1,Imbalance
0.53416204,0.5205575,0.40458697,48.022713,64.80991,1,Imbalance
0.4621439,0.5787782,0.52304834,46.51034,64.844055,1,Imbalance
0.5391618,0.49040288,0.47294998,47.247025,62.919765,1,Imbalance
0.4658837,0.5193994,0.43697542,57.715607,61.41361,1,Imbalance
0.49712148,0.53353155,0.31592226,55.25133,64.87566,1,Imbalance
0.3752988,0.58717245,0.52864206,53.883553,69.71028,1,Imbalance
0.52658355,0.55177635,0.5189862,48.38258,66.85234,1,Imbalance
0.5181408,0.6347383,0.56388634,53.782234,63.088875,1,Imbalance
0.6022674,0.57656527,0.42326066,51.334312,64.64438,1,Imbalance
0.5054379,0.5489396,0.39830625,52.954243,63.18029,1,Imbalance
0.43365365,0.63832664,0.47953865,54.320896,67.07238,1,Imbalance
0.42406106,0.6282071,0.48018718,47.14818,65.933426,1,Imbalance
0.5003716,0.7237595,0.47952875,57.35655,69.15697,1,Imbalance
0.4795552,0.5397807,0.47010964,44.11101,64.99914,1,Imbalance
0.573661,0.6987992,0.668534,31.427063,65.636696,1,Imbalance
0.5338121,0.5887987,0.4706498,51.430634,65.76325,1,Imbalance
0.5121815,0.47010988,0.34472072,53.35976,66.55051,1,Imbalance
0.61881816,0.6053302,0.57848763,46.750374,64.930824,1,Imbalance
0.4925122,0.5357089,0.37071157,56.402523,66.03284,1,Imbalance
0.6055817,0.48917437,0.42837474,60.38542,64.15878,1,Imbalance
0.5854336,0.7136109,0.5476774,42.310287,69.36293,1,Imbalance
0.63030887,0.55151844,0.5122055,47.326553,66.88229,1,Imbalance
0.6496638,0.49583244,0.44373176,46.794395,64.62494,1,Imbalance
0.47123188,0.68483615,0.6055216,51.15264,64.79536,1,Imbalance
0.35202724,0.52651507,0.41395772,50.85248,62.442734,1,Imbalance
0.4739775,0.65146756,0.5177424,50.28374,63.302013,1,Imbalance
0.52286303,0.6381682,0.6132722,51.24857,65.98449,1,Imbalance
0.4480775,0.6103082,0.4536,41.826374,66.44587,1,Imbalance
0.50765,0.61138606,0.45012048,60.81542,62.733906,1,Imbalance
0.6615372,0.6146067,0.35406595,53.260986,67.14767,1,Imbalance
0.5727198,0.5721309,0.504007,48.86162,64.69929,1,Imbalance
0.40997759,0.5762493,0.5132735,52.566315,67.203285,1,Imbalance
0.5107975,0.62582505,0.37252814,52.592937,67.30262,1,Imbalance
0.66305023,0.5288693,0.4564961,53.89068,64.41389,1,Imbalance
0.51574427,0.6261495,0.46864414,46.030846,60.62422,1,Imbalance
0.6000089,0.61314315,0.56290495,46.48495,64.360725,1,Imbalance
0.5688468,0.5659799,0.51080793,49.285816,65.62802,1,Imbalance
0.5788582,0.59487563,0.5084092,48.02778,64.1452,1,Imbalance
0.5539978,0.5796022,0.47224095,45.47011,66.84353,1,Imbalance
0.51408166,0.59711194,0.5725051,51.61517,64.482925,1,Imbalance
0.5349621,0.5353737,0.5375959,52.460785,63.274574,1,Imbalance
0.42559063,0.55792534,0.5278623,46.8188,64.09664,1,Imbalance
0.7099217,0.6321865,0.4206277,42.887207,66.00404,1,Imbalance
0.4402004,0.5566421,0.4442483,55.022556,60.041626,1,Imbalance
0.49434838,0.5333252,0.41874257,52.97766,63.665867,1,Imbalance
0.5763378,0.49911192,0.47628215,50.730736,62.235577,1,Imbalance
0.44712788,0.5383547,0.5292788,48.071556,66.692184,1,Imbalance
0.39785153,0.46047023,0.46173957,52.674404,64.134926,1,Imbalance
0.6039262,0.5071474,0.40809056,58.335022,63.57335,1,Imbalance
0.5657219,0.5363338,0.44084084,55.31814,64.73224,1,Imbalance
0.44172132,0.68271714,0.53664744,47.665085,66.27394,1,Imbalance
0.41121837,0.5291845,0.4273341,52.15061,63.37995,1,Imbalance
0.5032385,0.5338757,0.60537,39.3265,64.69763,1,Imbalance
0.56029385,0.5355944,0.5240228,42.286377,67.49957,1,Imbalance
0.4945774,0.6837113,0.5226819,44.330517,64.530594,1,Imbalance
0.44539145,0.50388336,0.5163257,48.169117,64.24763,1,Imbalance
0.5676333,0.5299067,0.5723627,43.28385,64.69487,1,Imbalance
0.5417247,0.52178633,0.5237928,52.26139,65.564545,1,Imbalance
0.43811285,0.5899196,0.34210932,54.67913,63.79752,1,Imbalance
0.45006076,0.6102217,0.60563713,51.06596,65.09168,1,Imbalance
0.64245033,0.70921814,0.41619366,58.021526,67.26503,1,Imbalance
0.58213747,0.51286405,0.3901782,52.778675,63.649647,1,Imbalance
0.49853736,0.6375565,0.5247385,49.730885,66.09862,1,Imbalance
0.4873561,0.5607873,0.4855602,53.0295,63.695656,1,Imbalance
0.56378484,0.5484569,0.48680857,48.289555,67.240425,1,Imbalance
0.494723,0.6497057,0.5471272,54.73202,64.80036,1,Imbalance
0.46787497,0.6459208,0.7315425,43.650078,64.77319,1,Imbalance
0.6475604,0.6761884,0.478106,47.285843,65.0218,1,Imbalance
0.45177644,0.6637926,0.5123458,48.004017,64.68172,1,Imbalance
0.5148617,0.68681294,0.5483095,41.60287,65.03045,1,Imbalance
0.45567742,0.75489295,0.6473833,34.91214,64.40338,1,Imbalance
0.4300191,0.44308567,0.46481758,46.571686,64.74687,1,Imbalance
0.42107967,0.7238044,0.6407979,48.9049,68.43628,1,Imbalance
0.40880942,0.5358422,0.46556225,53.110428,64.11541,1,Imbalance
0.39971736,0.6242259,0.47513363,58.25626,70.24129,1,Imbalance
0.56681424,0.61233515,0.34732163,48.35603,64.85644,1,Imbalance
0.50345325,0.47480103,0.5141146,44.094154,63.852627,1,Imbalance
0.4500253,0.48250636,0.37910372,51.31435,65.145,1,Imbalance
0.47087672,0.5586578,0.3288709,57.673725,63.38749,1,Imbalance
0.44283444,0.5668993,0.454861,51.204124,68.55545,1,Imbalance
0.5698393,0.64818823,0.4759924,55.137333,68.48452,1,Imbalance
0.5658264,0.57805264,0.509328,45.482483,65.69451,1,Imbalance
0.44511664,0.65541553,0.48507202,47.036774,65.24422,1,Imbalance
0.5555417,0.5667974,0.5182444,52.02472,63.893276,1,Imbalance
0.581463,0.5564321,0.32838553,55.99871,64.18929,1,Imbalance
0.59878755,0.63566923,0.53209835,45.40553,63.39331,1,Imbalance
0.5512012,0.45176542,0.40283045,54.437862,64.341156,1,Imbalance
0.60646963,0.55173373,0.59675294,44.838535,69.2278,1,Imbalance
0.5924656,0.57755274,0.45575604,50.8809,62.16726,1,Imbalance
0.5550112,0.54286885,0.55816716,48.30007,65.89772,1,Imbalance
0.5712435,0.5373042,0.46695518,42.75911,63.910767,1,Imbalance
0.59685767,0.53663564,0.46590388,46.055058,64.21965,1,Imbalance
0.5751172,0.5105405,0.40795013,48.94779,63.23519,1,Imbalance
0.53685796,0.5587685,0.47119948,56.489193,64.89963,1,Imbalance
0.5651034,0.6338416,0.4394166,51.763542,63.99488,1,Imbalance
0.4793034,0.4748837,0.5377176,53.448055,63.904846,1,Imbalance
0.43925965,0.5841542,0.3880013,60.059128,61.530396,1,Imbalance
0.509757,0.5684867,0.42625168,41.85405,60.97045,1,Imbalance
0.61464995,0.4642647,0.5208458,45.119396,64.79917,1,Imbalance
0.48177198,0.64053494,0.42699042,49.507076,64.741615,1,Imbalance
0.69295037,0.5393863,0.3617918,45.86409,71.18089,1,Imbalance
0.580496,0.5455058,0.34875217,60.681313,63.975826,1,Imbalance
0.5109865,0.4454297,0.42282394,49.191307,65.6351,1,Imbalance
0.48751938,0.58587635,0.56788623,54.911346,64.590385,1,Imbalance
0.5429643,0.6514194,0.4322366,49.0784,67.22438,1,Imbalance
0.47331122,0.56629735,0.36229196,56.243053,65.42746,1,Imbalance
0.5504481,0.5013606,0.48535833,44.577717,62.732716,1,Imbalance
0.56108683,0.5597672,0.5287162,50.105858,63.000854,1,Imbalance
0.5692412,0.6260144,0.51866895,55.812088,67.48306,1,Imbalance
0.53448844,0.5547811,0.50970304,48.981667,64.74835,1,Imbalance
0.4343088,0.4752878,0.46681914,53.35987,64.19427,1,Imbalance
0.4223936,0.6554375,0.6525228,39.66836,66.2539,1,Imbalance
0.46189559,0.5859912,0.5781207,54.424583,62.333073,1,Imbalance
0.47972366,0.4960279,0.41393244,51.214874,64.0307,1,Imbalance
0.44908777,0.5066034,0.4180399,51.06025,60.037205,1,Imbalance
0.51683235,0.47117448,0.523194,45.966396,63.428726,1,Imbalance
0.5022429,0.5289163,0.55176294,42.959938,62.366386,1,Imbalance
0.4401367,0.6311094,0.4457392,53.595234,68.34201,1,Imbalance
0.6872228,0.61364204,0.4431927,43.515278,65.70497,1,Imbalance
0.43771774,0.753001,0.72621226,50.809563,65.4403,1,Imbalance
0.49561995,0.41701078,0.39407796,63.929314,64.228096,1,Imbalance
0.64124805,0.532341,0.39070514,54.01894,65.552605,1,Imbalance
0.48876715,0.49960843,0.44523934,54.787952,65.52368,1,Imbalance
0.42273462,0.618696,0.4633566,57.366325,63.414734,1,Imbalance
0.45159808,0.6263075,0.5474479,54.59831,62.258648,1,Imbalance
0.4949059,0.5816228,0.5253578,58.558613,62.18785,1,Imbalance
0.50513,0.567635,0.4792999,47.321217,67.069435,1,Imbalance
0.41055262,0.6257196,0.41246024,60.47596,64.09378,1,Imbalance
0.5531323,0.49774233,0.50498253,37.129772,68.07059,1,Imbalance
0.50852597,0.6071714,0.4198138,49.641968,66.55748,1,Imbalance
0.5539749,0.60699266,0.43033054,45.9822,65.48031,1,Imbalance
0.3963625,0.5565582,0.428737,52.482372,65.81243,1,Imbalance
0.47356063,0.62072057,0.61391085,43.73954,64.81366,1,Imbalance
0.5779439,0.5464253,0.6422206,43.735573,66.28672,1,Imbalance
0.5874648,0.5724213,0.40872988,54.344566,63.227203,1,Imbalance
0.437438,0.5634975,0.56733143,42.740757,64.73125,1,Imbalance
0.5572257,0.66836894,0.43121046,47.104965,65.68715,1,Imbalance
0.28240472,0.20349644,0.24305259,29.048988,61.630844,2,Normal
0.22076295,0.12975152,0.16064623,28.665575,60.77821,2,Normal
0.23361342,0.20131321,0.24023764,25.146189,59.743504,2,Normal
0.24347374,0.12846212,0.22571768,29.131966,59.13311,2,Normal
0.21712402,0.11578604,0.23421653,31.171535,57.63524,2,Normal
0.21975996,0.10633477,0.18147822,32.07558,60.172565,2,Normal
0.14413874,0.108605616,0.18043733,29.368198,58.82184,2,Normal
0.2242924,0.15597846,0.2380773,28.339218,62.476997,2,Normal
0.3287707,0.2353764,0.22877628,24.865028,63.079014,2,Normal
0.30782473,0.16090457,0.2009071,36.962894,61.728073,2,Normal
0.2552377,0.14756037,0.15388161,29.297441,60.03374,2,Normal
0.251413,0.13997672,0.21981184,33.325405,63.17412,2,Normal
0.2649374,0.17522778,0.2001954,26.39192,60.652332,2,Normal
0.19295658,0.17728667,0.2520382,28.084415,59.25006,2,Normal
0.21926716,0.11450594,0.19255543,33.78703,60.12118,2,Normal
0.2609664,0.17426391,0.13735747,27.63139,62.227287,2,Normal
0.27554855,0.19371293,0.15737092,27.07024,58.755947,2,Normal
0.24277991,0.1608947,0.28224728,29.740585,60.761303,2,Normal
0.21273533,0.165433,0.15150195,28.38165,58.406715,2,Normal
0.22182459,0.13148506,0.28162885,27.405298,58.464973,2,Normal
0.2185049,0.16758387,0.17619744,31.476393,63.249428,2,Normal
0.24354105,0.17135091,0.19298911,25.502098,60.28922,2,Normal
0.19610085,0.21909364,0.2499469,27.916277,60.046925,2,Normal
0.24596569,0.17320912,0.29005304,31.941067,60.318836,2,Normal
0.23970757,0.17136563,0.18848452,27.33781,57.60004,2,Normal
0.24209501,0.20862697,0.19349897,35.559036,60.112373,2,Normal
0.22645487,0.11158573,0.17568515,31.980473,59.295444,2,Normal
0.2547071,0.16823979,0.19061442,32.579853,59.21008,2,Normal
0.25538138,0.19160838,0.15687153,22.888279,60.804375,2,Normal
0.25597054,0.15396778,0.26140404,30.95699,60.516544,2,Normal
0.18165906,0.19217743,0.21303321,28.17779,60.46202,2,Normal
0.22577907,0.16617902,0.23630865,32.427677,59.700336,2,Normal
0.22976784,0.14341284,0.21292396,35.838573,58.096992,2,Normal
0.28076646,0.20682572,0.27390155,28.548697,58.535282,2,Normal
0.22489636,0.15066026,0.20748408,33.587254,59.308407,2,Normal
0.2581933,0.1666566,0.1579893,31.511538,58.840965,2,Normal
0.24332479,0.14876781,0.18974467,37.784428,59.634888,2,Normal
0.22902213,0.19477169,0.15446413,35.522427,59.097034,2,Normal
0.24862115,0.17512836,0.23403448,28.646818,60.045654,2,Normal
0.24469389,0.13682906,0.27322993,28.849712,60.3208,2,Normal
0.24019085,0.1671123,0.23427305,23.56642,60.29028,2,Normal
0.25873277,0.18924032,0.19412464,22.01739,61.785458,2,Normal
0.23335095,0.17943437,0.28605476,30.727037,60.040855,2,Normal
0.20505162,0.15264614,0.120454185,23.31298,58.936543,2,Normal
0.17789282,0.14492933,0.26356852,27.256973,62.17887,2,Normal
0.17892925,0.144379,0.21473819,27.805834,59.359013,2,Normal
0.25736004,0.17459609,0.23851606,23.77275,60.445816,2,Normal
0.21208155,0.10847338,0.22474548,30.339632,61.025833,2,Normal
0.23098572,0.16966183,0.26207402,31.347763,62.10257,2,Normal
0.20780565,0.16338931,0.22799504,23.920027,62.093006,2,Normal
0.18439235,0.11062332,0.21900505,27.35806,60.070637,2,Normal
0.22603892,0.17815767,0.17266229,27.83963,60.781616,2,Normal
0.23083776,0.1653948,0.1768558,31.35653,60.126244,2,Normal
0.20240079,0.12240549,0.25442833,31.33351,64.13449,2,Normal
0.23159078,0.1438904,0.2704044,28.180912,58.544857,2,Normal
0.23221055,0.17547677,0.2471359,24.410877,60.297916,2,Normal
0.18311743,0.15094917,0.32721633,32.43496,59.928513,2,Normal
0.23199007,0.17430703,0.21975237,25.284214,61.046783,2,Normal
0.2934795,0.15424414,0.24816711,30.592688,61.08455,2,Normal
0.2029933,0.14559211,0.20978165,33.161747,57.706158,2,Normal
0.250469,0.1482928,0.2600165,30.374428,59.260296,2,Normal
0.15561776,0.13941874,0.21346024,25.29608,59.334824,2,Normal
0.21827538,0.20203815,0.1522361,23.462759,60.12854,2,Normal
0.24178158,0.14213537,0.23779094,31.208517,61.77214,2,Normal
0.18642528,0.1494083,0.16231892,33.699356,63.14066,2,Normal
0.19650753,0.2286895,0.21247281,27.644468,61.210346,2,Normal
0.1976016,0.18946342,0.24143714,22.435686,60.97028,2,Normal
0.20661259,0.12789784,0.20427163,29.66587,59.5624,2,Normal
0.24349447,0.18637939,0.20880003,26.302683,60.189663,2,Normal
0.2633499,0.18367215,0.19253844,26.34261,61.735397,2,Normal
0.253097,0.22565283,0.3516637,25.740026,62.475494,2,Normal
0.22353406,0.1075237,0.2596395,30.26454,60.546818,2,Normal
0.22648418,0.1771095,0.19649634,26.771318,59.78987,2,Normal
0.20074372,0.1660874,0.121432625,26.509117,62.905426,2,Normal
0.23876663,0.14421858,0.1705588,27.128849,61.016052,2,Normal
0.24168205,0.18143176,0.2665598,31.238722,60.231625,2,Normal
0.19747613,0.08432894,0.25689536,31.142937,59.751675,2,Normal
0.2736931,0.17422841,0.2307323,30.602188,58.267845,2,Normal
0.20321733,0.096395515,0.26637962,32.26312,60.18729,2,Normal
0.28037018,0.14961173,0.278063,28.72961,62.15788,2,Normal
0.24549086,0.186493,0.19731003,27.498632,59.723454,2,Normal
0.26763886,0.2743857,0.19455974,21.693596,59.119194,2,Normal
0.2418628,0.15970825,0.1526928,31.241966,60.89241,2,Normal
0.24715298,0.15966015,0.12997311,31.04213,64.01317,2,Normal
0.22928776,0.1556168,0.26004574,30.518854,58.27582,2,Normal
0.27824035,0.21546905,0.253844,23.576591,61.44783,2,Normal
0.2827575,0.22207935,0.19343108,25.307106,63.166008,2,Normal
0.1978666,0.2210537,0.15979606,27.431469,60.5866,2,Normal
0.19705059,0.11809241,0.19919336,32.377316,59.712772,2,Normal
0.24767952,0.20531692,0.18429413,23.140865,60.20613,2,Normal
0.25694284,0.18597855,0.24799511,27.631163,62.25798,2,Normal
0.2179348,0.26328707,0.3176118,22.255375,62.425705,2,Normal
0.20440248,0.17977236,0.2088597,27.91287,61.041553,2,Normal
0.21070597,0.13011442,0.19899595,34.518597,60.33761,2,Normal
0.20276625,0.11152195,0.29459488,30.538946,63.76967,2,Normal
0.2813331,0.1489027,0.22778723,26.297321,61.203632,2,Normal
0.22589333,0.08687746,0.20169395,35.61856,59.21846,2,Normal
0.26371196,0.16665052,0.18025845,32.31625,63.324932,2,Normal
0.2425427,0.15407665,0.23412216,31.963951,60.460793,2,Normal
0.22949037,0.18898477,0.30640423,25.866451,60.05655,2,Normal
0.23129344,0.11315026,0.22782674,28.363665,61.227367,2,Normal
0.2598651,0.15795077,0.23682748,28.1715,61.343098,2,Normal
0.21853954,0.1938066,0.2795425,33.830177,58.648026,2,Normal
0.17577897,0.12702684,0.2265571,24.702087,59.46842,2,Normal
0.26495078,0.1693248,0.2662064,32.839825,59.74162,2,Normal
0.19958596,0.124743275,0.16770542,30.246183,59.33405,2,Normal
0.18068828,0.17825611,0.30573785,26.78769,59.657063,2,Normal
0.24622379,0.14825983,0.3350551,31.716253,58.778484,2,Normal
0.24494357,0.18203662,0.18215106,21.309868,60.535908,2,Normal
0.22149332,0.12000617,0.1492182,28.245726,61.725754,2,Normal
0.20952694,0.20547418,0.24986757,25.9021,59.58294,2,Normal
0.19609891,0.1001577,0.21638416,31.027496,60.108047,2,Normal
0.22881866,0.12657852,0.24296556,31.42751,61.518635,2,Normal
0.25140536,0.18372305,0.19577204,26.821297,62.12753,2,Normal
0.25667453,0.15853845,0.2806095,29.491018,61.279568,2,Normal
0.17622302,0.24672282,0.16458014,24.97611,58.51584,2,Normal
0.22361372,0.13607635,0.17630844,35.094376,61.04774,2,Normal
0.19860213,0.1282206,0.3245509,28.409718,60.17267,2,Normal
0.2589507,0.16007642,0.26962408,29.815168,60.91505,2,Normal
0.23743998,0.124820404,0.17241448,28.38987,60.90955,2,Normal
0.34728047,0.17371745,0.21666229,37.772026,60.88751,2,Normal
0.2527802,0.1516666,0.25886378,28.21986,60.5926,2,Normal
0.20285216,0.15851595,0.18918185,26.896233,58.55282,2,Normal
0.19344942,0.18576427,0.24430515,28.313875,57.457565,2,Normal
0.22093293,0.16362895,0.23650691,31.660961,58.964172,2,Normal
0.23543265,0.1893454,0.21566172,32.56169,62.056637,2,Normal
0.27410692,0.11129262,0.24478304,40.302444,59.70737,2,Normal
0.2524643,0.16323696,0.22944365,31.690428,62.68849,2,Normal
0.15613525,0.1339166,0.2938615,26.971544,58.44749,2,Normal
0.24325083,0.18024616,0.2705409,30.920288,61.87802,2,Normal
0.2710964,0.14258699,0.21279089,30.713053,59.756138,2,Normal
0.22360456,0.18453996,0.3124001,29.114069,62.308823,2,Normal
0.20759615,0.1427011,0.20950045,35.26847,57.942432,2,Normal
0.21884225,0.10698997,0.36545056,26.363571,64.33662,2,Normal
0.21228473,0.12834792,0.20405194,33.349396,60.615837,2,Normal
0.19214906,0.16436414,0.20807932,24.032442,58.116375,2,Normal
0.21100484,0.116517685,0.1605066,27.464504,60.191967,2,Normal
0.28428373,0.18800093,0.21980104,32.139835,63.765713,2,Normal
0.24629539,0.21373303,0.17661223,22.114628,60.05371,2,Normal
0.2422312,0.18420924,0.17624867,29.906712,58.965908,2,Normal
0.23865011,0.15704744,0.21884926,30.751743,60.02596,2,Normal
0.22320805,0.14571624,0.20615453,31.152147,60.623756,2,Normal
0.21027024,0.17252897,0.25691602,30.8795,57.754177,2,Normal
0.20782316,0.23721384,0.23742004,20.912294,58.267437,2,Normal
0.22911102,0.13061963,0.20932278,34.807117,60.271786,2,Normal
0.2268211,0.10419657,0.26952025,30.1128,60.785973,2,Normal
0.23765056,0.15177433,0.28031963,29.454136,60.104862,2,Normal
0.27085403,0.19788633,0.28957987,22.206915,61.462402,2,Normal
0.23270792,0.15925248,0.37776047,29.753506,62.954895,2,Normal
0.1989968,0.15095715,0.13041288,25.221891,62.11834,2,Normal
0.2074766,0.117518775,0.19994484,31.605322,60.06521,2,Normal
0.24549621,0.15730779,0.2115831,33.720802,58.12646,2,Normal
0.23114873,0.1276512,0.27042583,29.90072,59.261673,2,Normal
0.21017773,0.13090299,0.21822873,28.893305,58.889843,2,Normal
0.21948592,0.1641713,0.18284415,32.693565,61.35631,2,Normal
0.2498658,0.15659617,0.17768091,28.247997,58.526695,2,Normal
0.21366751,0.17163087,0.2527797,29.29068,60.335743,2,Normal
0.20357344,0.12500788,0.22810741,28.383469,60.007607,2,Normal
0.2312262,0.23171338,0.20586832,24.09852,62.13009,2,Normal
0.23426366,0.23361906,0.1784863,31.239801,61.871563,2,Normal
0.14127965,0.11371922,0.22182979,24.603643,60.374798,2,Normal
0.2587059,0.12437587,0.17733225,31.264063,62.455254,2,Normal
0.20357847,0.12051981,0.2696014,30.054417,61.058365,2,Normal
0.2532729,0.15576304,0.21405092,33.270203,60.229588,2,Normal
0.2849891,0.19068904,0.297463,22.768631,61.816944,2,Normal
0.22179823,0.22137646,0.2070946,31.321812,58.712486,2,Normal
0.22295246,0.20298736,0.26795715,25.073517,60.016045,2,Normal
0.21473216,0.13533498,0.23594365,31.064285,58.435787,2,Normal
0.18875055,0.17081077,0.26913333,29.644556,59.659477,2,Normal
0.2704584,0.11638453,0.22988187,33.81856,61.726677,2,Normal
0.27227455,0.176511,0.17159867,27.326073,59.78681,2,Normal
0.2033688,0.1826133,0.32948208,28.7255,62.40258,2,Normal
0.21130846,0.1403866,0.27215967,29.017965,58.429337,2,Normal
0.22068061,0.16773532,0.2766108,30.535679,59.853863,2,Normal
0.2726814,0.2128516,0.18980256,26.948763,63.678474,2,Normal
0.2617587,0.23082383,0.2518185,33.814957,63.248505,2,Normal
0.20512159,0.13529624,0.19309133,27.850458,60.54276,2,Normal
0.2735176,0.15140207,0.23867545,31.0139,59.105843,2,Normal
0.26924652,0.18913125,0.197791,24.390383,59.666515,2,Normal
0.27870116,0.16733201,0.1945999,31.713264,61.95861,2,Normal
0.27183792,0.22659,0.13926393,32.91936,57.728394,2,Normal
0.19983964,0.14057563,0.18761505,30.08398,58.36036,2,Normal
0.25494027,0.14136212,0.20678565,37.5815,60.282047,2,Normal
0.2273051,0.29870984,0.31485844,27.360498,60.54745,2,Normal
0.28256235,0.20544238,0.16622558,26.690437,60.203857,2,Normal
0.20989498,0.0895068,0.15413737,31.488596,58.040634,2,Normal
0.2812868,0.19609584,0.17979437,26.670248,59.662884,2,Normal
0.27168792,0.16942246,0.206026,26.36839,60.81276,2,Normal
0.20450109,0.1729079,0.22446822,25.686821,60.005165,2,Normal
0.17976142,0.1458057,0.19189638,32.43128,59.47645,2,Normal
0.24397957,0.12426739,0.20031938,31.539675,60.25279,2,Normal
0.23095296,0.13500707,0.23870955,32.326134,58.84347,2,Normal
0.16159128,0.07917573,0.23654974,26.223162,60.38409,2,Normal
0.20730913,0.18089904,0.23423147,25.43186,57.525562,2,Normal
0.18381546,0.14273362,0.26472327,26.153154,60.938538,2,Normal
0.25627077,0.19024713,0.24909988,30.631533,60.737648,2,Normal
0.26662248,0.23002766,0.21483852,25.142267,61.346878,2,Normal
0.18871309,0.19568117,0.20372033,30.237116,59.91954,2,Normal
0.2554002,0.19347702,0.16786528,23.103514,60.596294,2,Normal
0.2758691,0.14546584,0.18794475,31.39821,60.461723,2,Normal
0.22652397,0.10257896,0.17163005,33.70229,61.751896,2,Normal
0.2489941,0.12992351,0.34444317,30.77733,61.899426,2,Normal
0.30856022,0.21416856,0.23165861,28.079464,61.72077,2,Normal
0.3065723,0.19690655,0.25018895,28.327286,59.190094,2,Normal
0.19489725,0.16926654,0.2723357,21.8861,61.565254,2,Normal
0.19532578,0.12422135,0.15373626,30.79069,60.90388,2,Normal
0.17879061,0.16618495,0.19578671,28.784657,58.731804,2,Normal
0.18204837,0.17943941,0.1560232,28.426245,58.044655,2,Normal
0.28460824,0.15187772,0.26333517,30.82878,65.504265,2,Normal
0.24319397,0.14787333,0.27428493,24.650305,61.231697,2,Normal
0.26928857,0.19361083,0.2663572,34.61948,60.72111,2,Normal
0.21117713,0.13587408,0.24755713,29.337172,59.385525,2,Normal
0.25962564,0.16581635,0.28025424,27.719107,60.653923,2,Normal
0.25085816,0.11943679,0.20878127,34.483143,60.416443,2,Normal
0.23694867,0.1753249,0.2607231,30.25103,60.7579,2,Normal
0.30474344,0.21450059,0.25291976,27.341732,60.246284,2,Normal
0.21254256,0.16308673,0.17893611,26.088032,60.762524,2,Normal
0.1942933,0.14204086,0.2515977,29.507023,58.726025,2,Normal
0.24344896,0.16469909,0.30990177,29.293915,61.324707,2,Normal
0.23598954,0.13951625,0.16270277,27.927603,59.05085,2,Normal
0.2754058,0.1417789,0.18672092,30.694561,60.286293,2,Normal
0.25584823,0.15005495,0.19041295,30.674225,60.781258,2,Normal
0.16999029,0.1448702,0.13918576,28.628313,61.634075,2,Normal
0.20621444,0.2509576,0.2939635,33.45979,58.92618,2,Normal
0.25869885,0.12070473,0.18852909,33.23184,59.69048,2,Normal
0.23740897,0.17816605,0.35614982,27.007317,62.75302,2,Normal
0.2559919,0.17446814,0.24016857,29.215578,60.67858,2,Normal
0.25786692,0.15393443,0.25112677,29.896591,58.698555,2,Normal
0.2708616,0.2282796,0.21126702,30.658026,60.240726,2,Normal
0.2624748,0.15645374,0.17555907,30.2743,60.253906,2,Normal
0.29201442,0.14116873,0.26035812,34.25894,60.31176,2,Normal
0.1568714,0.17619742,0.24994245,33.020473,59.02042,2,Normal
0.269584,0.19617273,0.2913807,28.123966,61.25061,2,Normal
0.18187015,0.14249347,0.26073116,28.615122,59.645775,2,Normal
0.19106416,0.09140455,0.21497957,31.714964,61.20797,2,Normal
0.21782593,0.13989203,0.22974125,28.014858,59.93762,2,Normal
0.29684904,0.1920503,0.2010203,30.849829,63.54787,2,Normal
0.2260851,0.14726357,0.23235211,30.603321,60.025036,2,Normal
0.20848694,0.16905151,0.16416988,25.564161,57.567677,2,Normal
0.2037938,0.14680357,0.2607724,28.896063,60.224262,2,Normal
0.23232508,0.11376377,0.20583111,29.791681,60.866695,2,Normal
0.2309034,0.1254348,0.1925345,30.356775,60.285847,2,Normal
0.16409181,0.12963344,0.2665904,30.411583,59.110447,2,Normal
0.15363826,0.14111973,0.23270129,31.064812,58.45246,2,Normal
0.2065423,0.12342598,0.24422494,36.826748,62.751728,2,Normal
0.22858974,0.13157873,0.21351556,30.012085,59.306515,2,Normal
0.21948653,0.15134038,0.1405057,31.287317,62.76197,2,Normal
0.18148829,0.20516275,0.27130967,29.00768,59.948284,2,Normal
0.26359874,0.1689003,0.16382435,28.199848,60.083794,2,Normal
0.2724861,0.16369854,0.22493924,33.09694,60.81099,2,Normal
0.30041197,0.26971477,0.27781296,34.48883,90.81351,3,Overheating
0.2066075,0.3913528,0.307154,30.924131,88.966606,3,Overheating
0.30109888,0.29560956,0.24765593,34.446102,83.68287,3,Overheating
0.26861528,0.31233534,0.2573148,32.4466,89.51859,3,Overheating
0.30335608,0.29976904,0.24664548,31.675947,80.71834,3,Overheating
0.26636544,0.27120182,0.27002347,31.779598,91.06811,3,Overheating
0.26320493,0.34062964,0.25050664,33.869064,86.26358,3,Overheating
0.30711642,0.32563052,0.25153276,33.16755,78.4044,3,Overheating
0.2681736,0.31440032,0.2614319,35.05258,86.56612,3,Overheating
0.23191825,0.33294007,0.32131732,34.606277,84.524376,3,Overheating
0.30389264,0.27841392,0.2154137,40.64244,84.11604,3,Overheating
0.30394772,0.26120645,0.2488857,33.75176,81.246216,3,Overheating
0.20674878,0.3477628,0.24353865,28.504822,91.89916,3,Overheating
0.26351154,0.32129434,0.24038556,27.794386,93.51393,3,Overheating
0.2176114,0.33041948,0.26473734,33.87247,85.46756,3,Overheating
0.29469648,0.27024132,0.26436085,39.051952,88.64285,3,Overheating
0.32134804,0.34379265,0.2323784,35.541748,80.21247,3,Overheating
0.26062897,0.24752307,0.26228568,36.224247,85.408806,3,Overheating
0.295429,0.31266436,0.3018794,40.603676,90.20259,3,Overheating
0.18862821,0.4037872,0.28700078,26.81336,88.419014,3,Overheating
0.26262763,0.29055345,0.24941258,34.042377,89.96417,3,Overheating
0.25061515,0.29310533,0.31006235,34.298935,90.58176,3,Overheating
0.22247896,0.3799995,0.32772836,38.188602,89.27576,3,Overheating
0.26953724,0.26238656,0.25922644,34.836357,87.4805,3,Overheating
0.28611067,0.23840882,0.3029917,34.121555,90.82888,3,Overheating
0.22261034,0.2660775,0.37266475,39.574688,83.79698,3,Overheating
0.26218545,0.29267764,0.25623047,31.251741,88.51402,3,Overheating
0.31972206,0.33849168,0.23281184,33.862217,97.37999,3,Overheating
0.24321909,0.31914693,0.28061783,30.54489,86.79225,3,Overheating
0.20966825,0.27225658,0.20294121,32.24749,95.23599,3,Overheating
0.25368503,0.3595545,0.2750326,30.11333,86.611786,3,Overheating
0.32786372,0.31693038,0.22854684,39.347527,81.373245,3,Overheating
0.21816942,0.37176025,0.26267818,36.377575,87.18475,3,Overheating
0.26841113,0.3610403,0.2763347,33.00312,83.438866,3,Overheating
0.32789484,0.287025,0.2399878,38.664036,85.6827,3,Overheating
0.32402548,0.31833994,0.28481838,34.981686,89.387856,3,Overheating
0.35324943,0.24630663,0.21957456,39.608055,87.63917,3,Overheating
0.25599748,0.27504313,0.26801208,34.790413,83.59538,3,Overheating
0.2303058,0.29168934,0.29361132,29.661356,88.632805,3,Overheating
0.30009097,0.31108332,0.24842088,38.034737,86.804184,3,Overheating
0.27694803,0.26203644,0.28685886,30.78243,82.74841,3,Overheating
0.28344572,0.30856487,0.22187617,31.418276,84.46037,3,Overheating
0.2216657,0.3761997,0.27837902,35.288746,92.405975,3,Overheating
0.22389674,0.33186182,0.25137985,30.855251,89.56765,3,Overheating
0.32023913,0.279642,0.23901178,30.313066,88.79513,3,Overheating
0.34809858,0.21749406,0.2233848,41.701176,85.58301,3,Overheating
0.24769355,0.3661942,0.2385533,31.168732,87.19096,3,Overheating
0.22973947,0.31825608,0.28128195,33.323788,91.59539,3,Overheating
0.3006678,0.3531096,0.27102435,32.578846,92.03439,3,Overheating
0.21888472,0.32217667,0.26881638,32.213947,87.59903,3,Overheating
0.24255751,0.4275607,0.26987746,37.14784,83.88072,3,Overheating
0.2100146,0.27925766,0.31420293,37.16286,88.0438,3,Overheating
0.25394705,0.27563167,0.22715928,35.326866,86.25797,3,Overheating
0.26180655,0.29928938,0.28881094,38.062675,91.265045,3,Overheating
0.29600763,0.32462007,0.3091662,37.16039,85.57613,3,Overheating
0.2384654,0.28979623,0.26443255,26.994972,85.19349,3,Overheating
0.26089796,0.30026487,0.24863587,34.072857,87.57217,3,Overheating
0.2918028,0.31282446,0.23035887,33.620773,92.30827,3,Overheating
0.22858703,0.36315528,0.24119464,30.080273,89.0746,3,Overheating
0.25486755,0.26942483,0.28087172,38.219666,92.687004,3,Overheating
0.30085182,0.25166792,0.30597165,37.901478,86.96317,3,Overheating
0.27030945,0.34269497,0.30581483,37.388405,82.35919,3,Overheating
0.2862924,0.3827299,0.29334265,32.57197,87.384766,3,Overheating
0.2992576,0.27860332,0.24023336,37.7557,89.30656,3,Overheating
0.18746774,0.37270606,0.3162535,36.649227,84.78896,3,Overheating
0.24680091,0.24878864,0.30001816,34.169266,98.25299,3,Overheating
0.27073878,0.2782188,0.2616064,28.709913,88.55256,3,Overheating
0.29955742,0.2938089,0.21632755,33.56105,86.63639,3,Overheating
0.25810248,0.29575256,0.25502637,35.192093,85.774895,3,Overheating
0.2552111,0.25719237,0.40993538,32.404484,85.85821,3,Overheating
0.2934525,0.26024878,0.25979814,35.163727,90.97923,3,Overheating
0.3364522,0.4279734,0.22430818,31.996067,88.50201,3,Overheating
0.22847122,0.33791697,0.28942904,33.990044,84.35824,3,Overheating
0.27684277,0.26238048,0.23493508,34.121677,88.231316,3,Overheating
0.27352968,0.2907801,0.23125505,36.37686,88.93007,3,Overheating
0.24205808,0.283398,0.265914,26.668484,87.25344,3,Overheating
0.37174064,0.2868219,0.33231997,35.276012,89.04496,3,Overheating
0.24932143,0.27209517,0.24868262,31.189531,91.32539,3,Overheating
0.23217696,0.3023118,0.24538451,33.240364,91.5997,3,Overheating
0.39992997,0.30143842,0.2400793,40.53661,80.532036,3,Overheating
0.2052453,0.36206535,0.3335916,30.709885,82.95281,3,Overheating
0.21202299,0.36795604,0.354071,35.36087,88.913315,3,Overheating
0.28902578,0.38226658,0.2710736,32.81468,89.92315,3,Overheating
0.2613418,0.22403531,0.3003949,33.873714,83.69649,3,Overheating
0.25402153,0.35523534,0.30298644,34.243237,83.016426,3,Overheating
0.29212448,0.3126393,0.23733078,32.804264,85.0261,3,Overheating
0.26590124,0.27905524,0.2642971,33.60557,93.66202,3,Overheating
0.30888432,0.24313135,0.23472081,35.970806,85.2591,3,Overheating
0.29544047,0.3468955,0.25737455,31.711796,92.571815,3,Overheating
0.2621894,0.2518453,0.26770562,38.43518,88.25805,3,Overheating
0.2323204,0.30389282,0.2894467,30.813097,89.294685,3,Overheating
0.2602315,0.3789607,0.27090353,35.84866,96.14007,3,Overheating
0.23231909,0.35864305,0.23459525,30.288385,86.97556,3,Overheating
0.35646775,0.28551883,0.27338967,35.96319,85.96871,3,Overheating
0.2049498,0.4186038,0.29921287,31.230537,88.452736,3,Overheating
0.29606405,0.30644286,0.30003956,25.915022,83.62018,3,Overheating
0.24129993,0.3639363,0.34796476,33.463554,88.463875,3,Overheating
0.28368902,0.29860592,0.28961954,35.564686,86.30748,3,Overheating
0.20617042,0.36169994,0.2952405,32.389088,88.05588,3,Overheating
0.28841347,0.3090864,0.30673006,34.74036,84.81608,3,Overheating
0.28758642,0.24328701,0.29395458,36.267685,88.33525,3,Overheating
0.32374522,0.259096,0.24144536,34.688168,91.38953,3,Overheating
0.2815506,0.30185458,0.24233322,32.63387,89.87967,3,Overheating
0.30081117,0.30491528,0.25985909,34.978382,86.62943,3,Overheating
0.31176633,0.30775046,0.2507498,32.938328,90.886536,3,Overheating
0.25957343,0.24854732,0.29750797,32.206566,91.84283,3,Overheating
0.31415227,0.3214989,0.28712785,35.423992,83.2475,3,Overheating
0.26413435,0.35192466,0.2977728,32.42752,90.44974,3,Overheating
0.18891625,0.32197198,0.27285764,31.72282,91.49035,3,Overheating
0.2470885,0.3754325,0.2402426,30.033026,89.345764,3,Overheating
0.27123907,0.35827798,0.31341192,23.858255,83.74854,3,Overheating
0.27162746,0.40617782,0.27789223,34.643314,85.71618,3,Overheating
0.33944762,0.3139512,0.20036282,33.960266,87.227264,3,Overheating
0.22938226,0.38066903,0.29102045,35.02771,86.71398,3,Overheating
0.3156411,0.45192355,0.27465513,28.590816,88.46534,3,Overheating
0.2722115,0.30091846,0.2611706,37.303062,85.493,3,Overheating
0.28921324,0.26380986,0.25559703,35.65386,86.269516,3,Overheating
0.24003905,0.31381515,0.26383936,31.756744,89.4234,3,Overheating
0.23720974,0.29825765,0.30701143,32.046856,84.148186,3,Overheating
0.24711601,0.30351034,0.27662584,35.784527,84.93236,3,Overheating
0.3578869,0.27916327,0.2919897,33.76449,84.01914,3,Overheating
0.28670743,0.31849772,0.32246777,35.462692,87.307076,3,Overheating
0.28644535,0.2428218,0.30746457,34.798374,86.26744,3,Overheating
0.27217323,0.35573217,0.2853322,29.440224,91.73309,3,Overheating
0.2611625,0.31699276,0.27480134,38.1486,90.323204,3,Overheating
0.2777625,0.34392026,0.24717593,30.217672,89.650055,3,Overheating
0.2773855,0.36065915,0.25451463,32.179955,83.02628,3,Overheating
0.2859435,0.314782,0.31887737,32.195324,92.13614,3,Overheating
0.28585917,0.28570896,0.27030435,37.981186,87.08322,3,Overheating
0.28943446,0.29269397,0.2704515,41.047676,90.43009,3,Overheating
0.27475104,0.32076713,0.2943093,36.7327,81.919716,3,Overheating
0.2823918,0.25881672,0.2349339,27.332047,85.8123,3,Overheating
0.3228477,0.26391003,0.24042173,43.022224,83.10146,3,Overheating
0.2947406,0.2877716,0.2799431,37.699604,91.89627,3,Overheating
0.2622916,0.3814304,0.28127772,34.150646,87.3678,3,Overheating
0.3354919,0.29761437,0.24124843,38.56303,85.404236,3,Overheating
0.2452331,0.2914829,0.28076088,31.19158,86.29984,3,Overheating
0.2818945,0.30441472,0.27108693,35.745834,86.614784,3,Overheating
0.31095704,0.31082946,0.21353799,33.507427,88.36725,3,Overheating
0.21111867,0.35296243,0.32403624,35.544285,85.079994,3,Overheating
0.18105046,0.33007124,0.28833234,31.305868,87.11272,3,Overheating
0.2663658,0.21826135,0.28754824,32.020706,88.73634,3,Overheating
0.2732099,0.25765783,0.21829069,31.255608,92.43633,3,Overheating
0.3470254,0.3489836,0.23933573,31.552242,86.177635,3,Overheating
0.27854574,0.3029576,0.30891705,39.729443,86.02356,3,Overheating
0.24628991,0.33159143,0.25449172,33.734024,84.4273,3,Overheating
0.26093006,0.3618378,0.22875436,33.170876,87.40786,3,Overheating
0.29744554,0.38531187,0.23117806,34.7335,81.22573,3,Overheating
0.27431238,0.29536667,0.25537175,33.143513,85.11159,3,Overheating
0.20550601,0.3439996,0.29983407,31.820251,91.64819,3,Overheating
0.26881877,0.30632985,0.25589636,31.302,91.23507,3,Overheating
0.22571287,0.32810217,0.23788553,36.392303,86.834854,3,Overheating
0.28011787,0.24086253,0.3010014,37.174297,85.975525,3,Overheating
0.1975606,0.40276614,0.27268252,30.616806,85.76697,3,Overheating
0.2697098,0.32763752,0.20187065,33.477573,83.975075,3,Overheating
0.27507874,0.3129836,0.2801063,32.78404,85.37937,3,Overheating
0.28662586,0.28034922,0.2689529,29.304771,91.06523,3,Overheating
0.24284245,0.2955221,0.26825106,28.339718,86.97122,3,Overheating
0.30739483,0.2873758,0.35326403,36.995754,85.174286,3,Overheating
0.22553046,0.32494682,0.26686934,29.93277,80.4976,3,Overheating
0.2667508,0.24713647,0.3220691,34.181545,85.460884,3,Overheating
0.24569769,0.27601108,0.22875334,31.1316,84.02183,3,Overheating
0.25410792,0.32571122,0.26558512,27.637651,89.78699,3,Overheating
0.3233334,0.2758077,0.29494828,37.51411,88.932976,3,Overheating
0.22065634,0.3078986,0.24708842,27.65595,84.981316,3,Overheating
0.27958214,0.26122695,0.28303653,33.23512,85.57496,3,Overheating
0.26475066,0.28046978,0.26068848,33.859554,87.99442,3,Overheating
0.20821309,0.35125965,0.23505655,30.54321,87.51954,3,Overheating
0.2907623,0.32557887,0.23104155,32.954586,91.34766,3,Overheating
0.30093122,0.39591792,0.3292756,33.960785,88.28053,3,Overheating
0.25453207,0.23918545,0.24700195,27.849089,86.30366,3,Overheating
0.25613967,0.28036267,0.25809786,32.027866,86.93648,3,Overheating
0.29537043,0.26143402,0.23606546,33.44322,80.83137,3,Overheating
0.21404618,0.26909548,0.26003197,31.488043,90.25335,3,Overheating
0.28967106,0.34928054,0.2473904,34.946335,83.74179,3,Overheating
0.28713393,0.32419556,0.2809302,31.00849,88.78258,3,Overheating
0.28686348,0.36993098,0.3341245,30.36545,78.6681,3,Overheating
0.23045997,0.2814329,0.22908512,28.771395,97.28676,3,Overheating
0.23155847,0.26596475,0.26206574,27.303164,89.84081,3,Overheating
0.23566674,0.38690495,0.29757035,35.382736,87.35522,3,Overheating
0.28991982,0.27738878,0.18280494,34.30205,96.437965,3,Overheating
0.29987016,0.3100522,0.24793528,39.102642,87.917725,3,Overheating
0.25025746,0.29852292,0.3371532,32.152256,88.92774,3,Overheating
0.2788883,0.29664025,0.27114853,31.229902,89.77242,3,Overheating
0.25022265,0.27783734,0.2613792,28.438707,89.885216,3,Overheating
0.2561386,0.3201354,0.24898627,34.025158,88.4063,3,Overheating
0.21548426,0.34800935,0.2816716,34.127995,86.41406,3,Overheating
0.19995855,0.40147018,0.2786341,33.808167,87.83749,3,Overheating
0.24292715,0.3586502,0.28775996,29.505869,86.14708,3,Overheating
0.21720098,0.4587767,0.33993405,37.614815,88.45498,3,Overheating
0.31601322,0.24350454,0.22593488,36.299652,87.329025,3,Overheating
0.23178934,0.35466313,0.28584516,32.020264,81.082825,3,Overheating
0.25207585,0.33335713,0.32590917,36.353535,88.02611,3,Overheating
0.2679731,0.32468346,0.26703107,28.570415,92.73719,3,Overheating
0.2832202,0.26232922,0.26919606,35.544918,88.79811,3,Overheating
0.25301626,0.2805024,0.28704002,33.277233,98.115204,3,Overheating
0.29186258,0.2557827,0.22494021,37.93752,87.25809,3,Overheating
0.24991311,0.24797712,0.24038787,32.96257,89.59538,3,Overheating
0.29233718,0.41117996,0.27344942,27.30845,80.31055,3,Overheating
0.30249527,0.23931397,0.2455764,33.72841,86.06712,3,Overheating
0.23664285,0.2971516,0.30389524,29.747358,90.782135,3,Overheating
0.26277053,0.36246356,0.28745118,26.570576,89.723785,3,Overheating
0.24038695,0.36066234,0.25214687,30.103127,87.46931,3,Overheating
0.38927016,0.32708246,0.263757,37.07612,80.486786,3,Overheating
0.22404289,0.30908257,0.30796382,36.16948,90.79624,3,Overheating
0.2889871,0.3874975,0.22068559,28.444954,89.60023,3,Overheating
0.32031414,0.27078837,0.27036524,35.13432,83.60829,3,Overheating
0.26573557,0.39733368,0.28113395,33.237354,82.88853,3,Overheating
0.3168372,0.24973506,0.22078036,34.458424,87.89749,3,Overheating
0.26257676,0.31906655,0.24844964,27.32515,88.86616,3,Overheating
0.25950935,0.32587004,0.24255183,27.256042,86.79415,3,Overheating
0.21581756,0.353021,0.31130418,30.70225,83.13287,3,Overheating
0.22599287,0.3099878,0.23698854,28.900595,88.23118,3,Overheating
0.24974456,0.3291159,0.31063566,28.04351,89.267426,3,Overheating
0.25742194,0.31134012,0.24702984,34.776756,93.85999,3,Overheating
0.27784276,0.34783414,0.33465093,37.89555,84.08697,3,Overheating
0.2368702,0.36173195,0.30337244,33.229774,87.18688,3,Overheating
0.2762169,0.28946665,0.27599424,29.612692,87.83983,3,Overheating
0.3272727,0.31710082,0.217522,36.565094,85.2607,3,Overheating
0.32063165,0.31129134,0.29013094,35.261105,85.509476,3,Overheating
0.2373077,0.3597055,0.23684219,29.14807,88.21978,3,Overheating
0.26112327,0.27670035,0.26285285,30.169737,83.08707,3,Overheating
0.3300189,0.30345738,0.18440033,37.044914,83.98352,3,Overheating
0.20030078,0.38164937,0.26826832,32.055565,86.556404,3,Overheating
0.24231218,0.28165507,0.27068627,36.71831,85.06691,3,Overheating
0.2932016,0.2872299,0.23150095,38.825024,89.16908,3,Overheating
0.2814844,0.2799467,0.29572093,34.07925,89.797325,3,Overheating
0.25089398,0.30849755,0.24019153,30.120522,92.07345,3,Overheating
0.19991796,0.3651036,0.27983442,30.712421,85.29087,3,Overheating
0.2758186,0.27340055,0.24285081,34.618603,86.465096,3,Overheating
0.25637075,0.36568916,0.28617358,36.80208,91.30054,3,Overheating
0.3109664,0.2908168,0.22756208,33.872215,93.330666,3,Overheating
0.17549105,0.2965129,0.33911404,28.878395,94.27118,3,Overheating
0.24416691,0.2912827,0.24087723,38.82871,84.72107,3,Overheating
0.313149,0.29810733,0.25348857,32.8124,84.82126,3,Overheating
0.25840038,0.30354673,0.33780745,38.365993,90.93748,3,Overheating
0.31716633,0.29272705,0.23633415,37.0351,84.84508,3,Overheating
0.2783919,0.27441993,0.26513472,32.81895,86.549736,3,Overheating
0.30430758,0.32919407,0.27788493,36.546116,83.42674,3,Overheating
0.27350765,0.29980692,0.28635243,26.381056,90.37759,3,Overheating
0.24153996,0.3673865,0.24764003,29.041374,91.24566,3,Overheating
0.26778716,0.33502632,0.19538169,32.88113,90.104965,3,Overheating
0.29923213,0.23427327,0.2530917,35.313137,80.25924,3,Overheating
0.28485042,0.36031386,0.22919534,29.064444,87.646904,3,Overheating
0.3120698,0.22921734,0.28628936,36.266014,89.05294,3,Overheating
0.20675668,0.32724628,0.297821,35.17451,90.7019,3,Overheating
0.31076846,0.31343052,0.30322996,38.16369,85.77718,3,Overheating
0.23708999,0.35973138,0.21546116,28.555828,89.617455,3,Overheating
0.27628753,0.311968,0.27570847,35.15789,84.464615,3,Overheating
0.27974358,0.33681428,0.2541135,34.658615,93.14145,3,Overheating
